fixIdx,legIdx,tickLead,togo,area
312,2,2507.648125035552,165.359,156831.8821229995
313,2,2527.648125035552,165.097,218842.44006736844
314,2,2547.648125035552,164.826,227783.0100485169
315,2,2567.648125035552,164.531,249473.50063760302
316,2,2587.648125035552,164.27,222064.3569927079
317,2,2607.648125035552,164.013,220003.96320378315
318,2,2627.648125035552,163.743,232531.40849467996
319,2,2647.648125035552,163.501,209675.32505304198
320,2,2667.648125035552,163.242,225753.55599150193
321,2,2687.648125035552,162.996,215695.98545775894
322,2,2707.648125035552,162.766,202871.2397568173
323,2,2727.648125035552,162.541,199647.68143745651
324,2,2747.648125035552,162.4,125888.11764499408
325,2,2767.648125035552,162.172,204812.6478905087
326,2,2787.648125035552,161.934,215031.44900463946
327,2,2807.648125035552,161.722,192646.97824996948
328,2,2827.648125035552,161.496,206551.97039916864
329,2,2847.648125035552,161.275,203129.54948545623
330,2,2867.648125035552,161.065,194115.11629103892
331,2,2887.648125035552,160.879,172916.94376176546
378,2,3827.648125035552,160.759,147734.05051682776
379,2,3847.648125035552,160.547,262089.7548340732
380,2,3867.648125035552,160.442,130354.61292072615
381,2,3887.648125035552,160.419,28690.07729607692
407,2,4407.648125035552,160.346,103208.80531038372
408,2,4427.648125035552,160.178,238420.13792166344
409,2,4447.648125035552,160.03,210777.5316015593
410,2,4467.648125035552,159.876,220101.02592748878
411,2,4487.648125035552,159.723,219439.92152631326
412,2,4507.648125035552,159.559,236030.58901986916
413,2,4527.648125035552,159.512,67898.137100447
415,2,4567.648125035552,159.505,10200.101813338555
416,2,4587.648125035552,159.482,33658.2025865908
417,2,4607.648125035552,159.456,38208.40602028268
