fixIdx,legIdx,tickLead,togo,area
221,2,235.93829240405,162.426,44.82827555677567
222,2,256.93829240405,162.173,65.00538797822102
223,2,277.93829240405,161.847,90.60788332371847
