fixIdx,legIdx,tickLead,togo,area
236,2,958.93829240405,159.551,225.35049871496483
237,2,978.93829240405,159.384,163.48269483147791
238,2,998.93829240405,159.238,145.8449906909779
239,2,1018.93829240405,159.13,110.04533557964157
240,2,1038.93829240405,158.99,145.45136093655282
241,2,1058.93829240405,158.939,54.00585291262364
243,2,1098.93829240405,158.74,218.68872018838817
244,2,1118.93829240405,158.653,97.34763143917193
