leg,tickLead,tickRace,distance,area
0,-4776.0,-4776.0,133.124,0.0
0,-4726.0,-4726.0,133.122,0.0
0,-4716.0,-4716.0,133.12,0.0
1,-3552.0,-3552.0,133.081,0.0
1,-3542.0,-3542.0,132.921,0.0
1,-3532.0,-3532.0,132.832,0.0
1,-3512.0,-3512.0,132.78,0.0
1,-3492.0,-3492.0,132.76,0.0
1,-3472.0,-3472.0,132.754,0.0
1,-3452.0,-3452.0,132.731,0.0
1,-3442.0,-3442.0,132.675,0.0
1,-2084.0,-2084.0,132.618,0.0
1,594.0,594.0,132.54,0.0
1,604.0,604.0,132.333,0.0
1,614.0,614.0,132.13,0.0
1,624.0,624.0,131.93,0.0
1,634.0,634.0,131.726,0.0
1,644.0,644.0,131.529,0.0
1,654.0,654.0,131.329,0.0
1,664.0,664.0,131.14,0.0
1,674.0,674.0,130.963,0.0
1,684.0,684.0,130.816,0.0
1,694.0,694.0,130.656,0.0
1,704.0,704.0,130.495,0.0
1,714.0,714.0,130.339,0.0
1,724.0,724.0,130.176,0.0
1,734.0,734.0,130.01,0.0
1,744.0,744.0,129.848,0.0
1,754.0,754.0,129.69,0.0
1,764.0,764.0,129.54,0.0
1,774.0,774.0,129.4,0.0
1,784.0,784.0,129.341,0.0
1,794.0,794.0,129.332,0.0
1,804.0,804.0,129.312,0.0
1,824.0,824.0,129.242,0.0
1,834.0,834.0,129.21,0.0
1,974.0,974.0,129.134,0.0
1,984.0,984.0,129.032,0.0
1,994.0,994.0,128.904,0.0
1,1004.0,1004.0,128.75,0.0
1,1014.0,1014.0,128.587,0.0
1,1024.0,1024.0,128.454,0.0
1,1054.0,1054.0,128.446,0.0
1,1154.0,1154.0,128.388,0.0
1,1194.0,1194.0,128.289,0.0
1,1204.0,1204.0,128.189,0.0
1,1215.0,1215.0,128.042,0.0
1,1225.0,1225.0,127.888,0.0
1,1235.0,1235.0,127.832,0.0
1,1275.0,1275.0,127.794,0.0
1,1385.0,1385.0,127.784,0.0
1,1415.0,1415.0,127.772,0.0
1,1435.0,1435.0,127.769,0.0
1,1465.0,1465.0,127.712,0.0
1,1475.0,1475.0,127.669,0.0
1,1555.0,1555.0,127.653,0.0
1,1565.0,1565.0,127.637,0.0
1,1575.0,1575.0,127.488,0.0
1,1585.0,1585.0,127.338,0.0
1,1595.0,1595.0,127.175,0.0
1,1605.0,1605.0,127.019,0.0
1,1615.0,1615.0,126.891,0.0
1,1625.0,1625.0,126.752,0.0
1,1635.0,1635.0,126.636,0.0
1,1825.0,1825.0,126.583,0.0
1,1835.0,1835.0,126.483,0.0
2,1845.0,1845.0,126.394,1.3048574658684e-9
2,1855.0,1855.0,126.291,1.5171480651465423e-9
2,1865.0,1865.0,126.178,1.671986268877112e-9
2,1875.0,1875.0,126.061,1.7388684863580217e-9
2,1885.0,1885.0,125.962,1.4779307768632135e-9
2,1895.0,1895.0,125.886,1.1398000716397053e-9
2,1905.0,1905.0,125.778,1.6270735965522816e-9
2,1915.0,1915.0,125.669,1.6493358605604084e-9
2,1925.0,1925.0,125.54,1.9603021031097e-9
2,1935.0,1935.0,125.403,2.0904702392895027e-9
2,1945.0,1945.0,125.283,1.8386467541656572e-9
2,1955.0,1955.0,125.181,1.5694938296323385e-9
2,1965.0,1965.0,125.099,1.2672722364670958e-9
2,1975.0,1975.0,125.096,4.6583739447772345e-11
