leg,tickLead,tickRace,distance,area
1,-862.0,-862.0,133.144,0.0
1,-582.0,-582.0,133.128,0.0
1,58.0,58.0,133.093,0.0
1,578.0,578.0,133.058,0.0
1,598.0,598.0,132.873,0.0
1,618.0,618.0,132.855,0.0
1,638.0,638.0,132.82,0.0
1,658.0,658.0,132.748,0.0
1,898.0,898.0,132.742,0.0
1,918.0,918.0,132.603,0.0
1,938.0,938.0,132.594,0.0
1,958.0,958.0,132.392,0.0
1,978.0,978.0,132.098,0.0
1,998.0,998.0,131.828,0.0
1,1018.0,1018.0,131.507,0.0
1,1038.0,1038.0,131.197,0.0
1,1058.0,1058.0,130.832,0.0
1,1078.0,1078.0,130.472,0.0
1,1098.0,1098.0,130.115,0.0
1,1118.0,1118.0,129.745,0.0
1,1138.0,1138.0,129.347,0.0
1,1158.0,1158.0,128.996,0.0
1,1178.0,1178.0,128.583,0.0
1,1198.0,1198.0,128.179,0.0
1,1218.0,1218.0,127.8,0.0
1,1238.0,1238.0,127.479,0.0
1,1258.0,1258.0,127.477,0.0
1,1498.0,1498.0,127.333,0.0
1,1518.0,1518.0,127.026,0.0
1,1538.0,1538.0,126.749,0.0
1,1558.0,1558.0,126.701,0.0
1,1598.0,1598.0,126.688,0.0
1,1618.0,1618.0,126.599,0.0
1,1638.0,1638.0,126.562,0.0
1,1658.0,1658.0,126.551,0.0
1,1678.0,1678.0,126.453,0.0
1,1718.0,1718.0,126.403,0.0
1,1758.0,1758.0,126.387,0.0
1,1798.0,1798.0,126.235,0.0
1,1818.0,1818.0,125.987,0.0
1,1838.0,1838.0,125.71,0.0
1,1858.0,1858.0,125.428,0.0
1,1878.0,1878.0,125.233,0.0
1,1898.0,1898.0,124.924,0.0
1,1918.0,1918.0,124.556,0.0
1,1938.0,1938.0,124.277,0.0
1,1958.0,1958.0,124.05,0.0
1,1978.0,1978.0,123.872,0.0
1,1998.0,1998.0,123.625,0.0
1,2038.0,2038.0,123.517,0.0
1,2058.0,2058.0,123.487,0.0
1,2098.0,2098.0,123.48,0.0
2,2258.0,2258.0,123.314,2.9069260892595266e-3
2,2278.0,2278.0,123.104,3.704356791734957e-3
2,2298.0,2298.0,122.946,2.8073583193272494e-3
2,2318.0,2318.0,122.719,4.062093752058271e-3
2,2358.0,2358.0,122.513,3.7433077050808105e-3
2,2378.0,2378.0,122.23,5.1757814771410445e-3
2,2418.0,2418.0,122.148,1.5226483706819239e-3
2,2438.0,2438.0,122.051,1.814749492903138e-3
2,2458.0,2458.0,121.949,1.9223800183067981e-3
2,2478.0,2478.0,121.679,5.122236578927493e-3
2,2498.0,2498.0,121.393,5.457085629702806e-3
2,2538.0,2538.0,121.125,5.183674904475931e-3
2,2558.0,2558.0,120.971,2.996927534826155e-3
