fixIdx,legIdx,tickLead,togo,area
1590,2,2860.427576938485,185.255,91.53368246206209
1591,2,2863.427576938485,185.199,160.35194430850697
1592,2,2866.427576938485,185.16,111.79067550064588
