fixIdx,legIdx,tickLead,togo,area
1590,2,2860.427576938485,185.255,33917.07376685741
1591,2,2863.427576938485,185.199,59403.01917686364
1592,2,2866.427576938485,185.16,41402.68278774371
