fixIdx,legIdx,tickLead,togo,area
221,2,235.93829240405,162.426,14571.072343525477
222,2,256.93829240405,162.173,21100.683932342567
223,2,277.93829240405,161.847,29358.76635455126
