fixIdx,legIdx,tickLead,togo,area
236,2,958.93829240405,159.551,71962.75220814072
237,2,978.93829240405,159.384,52140.3532760774
238,2,998.93829240405,159.238,46469.42262394076
239,2,1018.93829240405,159.13,35034.91339781933
240,2,1038.93829240405,158.99,46270.98694113618
241,2,1058.93829240405,158.939,17170.02681065752
243,2,1098.93829240405,158.74,69472.81394072698
244,2,1118.93829240405,158.653,30897.456785373095
