fixIdx,legIdx,tickLead,togo,area
99,2,4000.781822588227,125.206,8177035.8875148725
100,2,4020.781822588227,125.163,43287.20233800886
101,2,4040.781822588227,125.002,162748.81172829456
104,2,4330.781822588227,122.551,2627712.2777241194
105,2,4350.781822588227,122.345,219490.74743626398
106,2,4367.781822588227,122.115,245582.0272004854
107,2,4903.781822588227,122.107,9580.891234203826
109,3,4937.781822588227,116.035,7140023.745962063
110,3,4957.781822588227,115.546,561434.627333566
111,3,4965.781822588227,115.432,130756.44433523229
112,3,5736.781822588227,115.422,13243.590308724602
113,3,5747.781822588227,108.412,9018708.465305254
114,3,5767.781822588227,107.949,577788.3688705864
115,3,5781.781822588227,107.706,302989.44862490793
116,3,6569.781822588227,107.686,28301.56892661284
117,3,6580.781822588227,94.143,1.798771257778292e7
118,3,6600.781822588227,94.14,3728.445011707279
122,3,7594.781822588227,94.123,24306.878974514915
