fixIdx,legIdx,tickLead,togo,area
657,2,1294.156750781864,124.445,19330.819386429434
658,2,1299.156750781864,124.376,22304.76625015055
659,2,1304.156750781864,124.304,23350.87445648013
660,2,1309.156750781864,124.26,14318.006498458104
664,2,1329.156750781864,124.248,3963.673029879744
665,2,1334.156750781864,124.185,20881.259536221216
666,2,1339.156750781864,124.142,14299.59747341266
670,2,1359.156750781864,124.079,21254.388613657786
671,2,1364.156750781864,124.002,26058.445558584484
672,2,1369.156750781864,123.93,24440.95955050524
673,2,1374.156750781864,123.856,25196.763544047568
674,2,1379.156750781864,123.78,25956.19344638069
675,2,1384.156750781864,123.714,22609.652397949296
676,2,1389.156750781864,123.645,23709.809305449824
677,2,1394.156750781864,123.571,25504.681292294743
678,2,1399.156750781864,123.496,25926.409570907694
679,2,1404.156750781864,123.43,22883.70544967107
680,2,1409.156750781864,123.363,23300.591473715005
681,2,1414.156750781864,123.29,25462.838368691395
682,2,1419.156750781864,123.213,26936.632533428936
683,2,1424.156750781864,123.16,18596.309871499194
691,2,1464.156750781864,123.131,10457.650278896353
692,2,1469.156750781864,123.1,11214.310012956983
