fixIdx,legIdx,tickLead,togo,area
157,2,2251.156750781864,123.706,92517.92308348023
158,2,2271.156750781864,123.496,117901.24313242792
159,2,2291.156750781864,123.338,89354.59089675422
160,2,2311.156750781864,123.111,129295.1753066649
162,2,2351.156750781864,122.905,119154.9689152741
163,2,2371.156750781864,122.622,164757.79000442964
165,2,2411.156750781864,122.54,48472.168929481275
166,2,2431.156750781864,122.443,57772.43120485397
167,2,2451.156750781864,122.341,61200.40331650787
168,2,2471.156750781864,122.071,163074.69821846377
169,2,2491.156750781864,121.786,173133.51335599064
171,2,2531.156750781864,121.517,165660.43032164744
172,2,2551.156750781864,121.364,94803.00792635222
