fixIdx,legIdx,tickLead,togo,area
676,2,2127.156750781864,126.2,2684.5249984030406
679,2,2142.156750781864,126.168,17299.578076200254
685,2,2172.156750781864,126.108,32878.98098761598
694,2,2217.156750781864,126.098,5591.802354879769
704,2,2267.156750781864,126.097,571.7655967661623
705,2,2272.156750781864,126.047,28645.534588455488
706,2,2277.156750781864,126.006,23532.53181069584
707,2,2282.156750781864,125.943,36224.18800577398
708,2,2287.156750781864,125.886,32830.42665138207
709,2,2292.156750781864,125.822,36925.06825124723
710,2,2297.156750781864,125.766,32364.476066478117
711,2,2302.156750781864,125.698,39365.8490721525
712,2,2307.156750781864,125.63,39430.01024651304
713,2,2312.156750781864,125.56,40655.34579601879
714,2,2317.156750781864,125.492,39557.42488861436
715,2,2322.156750781864,125.417,43698.75211364616
716,2,2327.156750781864,125.337,46683.50911084345
717,2,2332.156750781864,125.257,46753.95910443344
718,2,2337.156750781864,125.185,42143.19919051203
719,2,2342.156750781864,125.109,44553.31141529935
720,2,2347.156750781864,125.033,44621.308780505984
721,2,2352.156750781864,124.951,48216.1273613758
722,2,2357.156750781864,124.862,52407.507545092405
723,2,2362.156750781864,124.786,44817.78584745461
724,2,2367.156750781864,124.712,43704.4647504853
725,2,2372.156750781864,124.641,41996.812561716215
726,2,2377.156750781864,124.587,31992.517224929783
727,2,2382.156750781864,124.541,27299.24956240792
728,2,2387.156750781864,124.503,22591.268501983344
729,2,2392.156750781864,124.463,23822.627904610024
730,2,2397.156750781864,124.434,17302.708590179085
731,2,2402.156750781864,124.394,23908.95439933723
732,2,2407.156750781864,124.355,23352.335549410163
733,2,2412.156750781864,124.331,14396.870729399074
734,2,2417.156750781864,124.324,4207.266783062657
738,2,2437.156750781864,124.297,16360.065410476342
