fixIdx,legIdx,tickLead,togo,area
701,2,2383.156750781864,122.738,59110.09702406201
702,2,2393.156750781864,122.533,120329.2496313078
703,2,2403.156750781864,122.333,117690.27618739205
704,2,2413.156750781864,122.142,112681.69085965415
705,2,2423.156750781864,121.96,107652.52847064381
706,2,2433.156750781864,121.783,104972.49188532638
707,2,2443.156750781864,121.63,90988.50546924752
708,2,2454.156750781864,121.473,93668.22036789368
709,2,2464.156750781864,121.31,97515.62505328498
710,2,2474.156750781864,121.145,98978.82637678854
711,2,2484.156750781864,120.956,113667.78153547233
712,2,2494.156750781864,120.778,107320.20286284192
713,2,2504.156750781864,120.59,113631.58164507223
714,2,2514.156750781864,120.404,112696.78471161824
715,2,2524.156750781864,120.214,115397.93432132843
716,2,2534.156750781864,120.059,94377.86397199536
717,2,2544.156750781864,119.905,94017.92870386914
718,2,2554.156750781864,119.745,97936.58645197771
719,2,2564.156750781864,119.614,80401.77343806204
720,2,2574.156750781864,119.468,89853.44346640322
721,2,2584.156750781864,119.366,62952.81832845843
722,2,2594.156750781864,119.309,35292.14066209444
723,2,2604.156750781864,119.268,25472.968110380698
724,2,2614.156750781864,119.221,29302.038578847307
725,2,2624.156750781864,119.172,30653.44941417203
726,2,2634.156750781864,119.146,16321.941181851284
727,2,2644.156750781864,119.065,51019.24512460232
728,2,2654.156750781864,118.982,52440.566320428734
729,2,2664.156750781864,118.898,53234.967061585165
730,2,2674.156750781864,118.802,61022.117727434794
731,2,2684.156750781864,118.666,86686.58160008112
732,2,2694.156750781864,118.578,56247.18212805542
733,2,2704.156750781864,118.551,17313.317626216776
755,2,2925.156750781864,118.548,2080.6552213609666
756,2,2935.156750781864,118.381,116135.76688560248
757,2,2945.156750781864,118.227,107314.53786730274
758,2,2955.156750781864,118.074,106840.89379107936
759,2,2965.156750781864,117.919,108462.21674852679
760,2,2975.156750781864,117.766,107283.57227762172
761,2,2985.156750781864,117.614,106802.22179185407
762,2,2995.156750781864,117.48,94355.21307655399
763,2,3005.156750781864,117.335,102320.10295305951
764,2,3016.156750781864,117.145,134373.40263543135
765,2,3026.156750781864,117.031,80786.47429289768
766,2,3036.156750781864,116.99,29131.501997971463
