leg,tickLead,tickRace,distance,area
1,-11022.0,-11022.0,162.778,0.0
1,-1365.0,-1365.0,139.802,0.0
1,-1345.0,-1345.0,139.778,0.0
1,-1325.0,-1325.0,139.495,0.0
1,-1305.0,-1305.0,139.44,0.0
1,-1285.0,-1285.0,139.285,0.0
1,-1065.0,-1065.0,139.188,0.0
1,-1026.0,-1026.0,139.186,0.0
1,2944.0,2944.0,133.185,0.0
1,2965.0,2965.0,133.152,0.0
1,2985.0,2985.0,133.016,0.0
1,3025.0,3025.0,132.911,0.0
1,3045.0,3045.0,132.857,0.0
1,3046.0,3046.0,132.853,0.0
2,4016.0,4016.0,132.85,8.964126556245856e-11
2,4030.0,4030.0,124.912,2.309040742504421e-7
2,4050.0,4050.0,124.868,1.2464128663703406e-9
2,4070.0,4070.0,124.706,4.6079241950205915e-9
2,4360.0,4360.0,122.252,7.399130880686018e-8
2,4380.0,4380.0,122.046,6.172453187630704e-9
2,4397.0,4397.0,121.815,6.9359724330245725e-9
2,4933.0,4933.0,121.806,3.028760333764854e-10
2,4933.0,4933.0,121.806,2.21452608618936e8
