leg,tickLead,tickRace,distance,area
1,-11022.0,-11022.0,163.998,0.0
1,-1365.0,-1365.0,140.792,0.0
1,-1345.0,-1345.0,140.77,0.0
1,-1325.0,-1325.0,140.484,0.0
1,-1305.0,-1305.0,140.434,0.0
1,-1285.0,-1285.0,140.277,0.0
1,-1065.0,-1065.0,140.202,0.0
1,2944.0,2944.0,134.317,0.0
1,2965.0,2965.0,134.273,0.0
1,2985.0,2985.0,134.12,0.0
1,3025.0,3025.0,133.983,0.0
1,3045.0,3045.0,133.916,0.0
1,3046.0,3046.0,133.912,0.0
2,4016.0,4016.0,133.908,1.1835292120556972e-10
2,4030.0,4030.0,125.74,2.3511916864911317e-7
2,4050.0,4050.0,125.693,1.3166108779185117e-9
2,4070.0,4070.0,125.527,4.669162502427756e-9
2,4360.0,4360.0,123.062,7.34966595588666e-8
2,4380.0,4380.0,122.855,6.133597717549367e-9
2,4397.0,4397.0,122.621,6.948061301215024e-9
2,4933.0,4933.0,122.613,2.6623433577909696e-10
2,4933.0,4933.0,122.613,2.24396704400094e8
