fixIdx,legIdx,tickLead,togo,area
233,2,4631.625461754636,202.174,380366.92857220036
234,2,4641.625461754636,201.963,395804.896329059
235,2,4651.625461754636,201.772,358702.5851080927
236,2,4661.625461754636,201.668,195591.36233416197
237,2,4671.625461754636,201.626,79129.6177968637
238,2,4681.625461754636,201.587,73619.99764513802
239,2,4691.625461754636,201.559,52959.48107531105
240,2,4701.625461754636,201.556,5685.887244018942
241,2,4711.625461754636,201.391,313258.3319147503
242,2,4722.625461754636,201.345,87490.67924638517
248,2,4782.625461754636,201.331,26961.8788661444
251,2,4812.625461754636,201.237,182116.44664742672
252,2,4822.625461754636,201.124,219269.31358612655
253,2,4832.625461754636,201.01,221543.3828478536
